latency,type,valid,rotation,distance,block
12.8719106939825,object,1,3,17,0
14.748860160441836,face,1,93,1,0
16.403406625293428,body,1,54,5,0
18.024928302460467,face,1,111,2,0
19.757383527728962,object,1,73,72,0
21.334685686262674,object,1,50,15,0
22.900630913194618,body,1,27,6,0
24.877219747228082,body,1,12,11,0
26.509835154240136,face,1,0,6,0
28.175646050221985,body,1,9,2,0
29.997170867587556,object,1,81,11,0
31.5409859350475,object,1,8,36,0
33.20675173080235,body,1,22,11,0
34.9835588260903,body,1,113,6,0
36.91605864271696,object,1,143,43,0
38.48193006897054,face,1,8,4,0
40.058965625823475,body,1,141,2,0
41.71385989320697,face,1,14,3,0
43.39084051961254,object,1,122,10,0
45.21213548463129,body,1,5,5,0
47.05573096089938,object,1,177,9,0
48.99932600736793,body,1,113,6,0
51.02051146257145,object,1,10,43,0
52.75306433919468,object,1,34,7,0
54.6965665849566,object,1,93,4,0
56.29578960148501,object,1,108,11,0
58.2727191378799,body,1,141,2,0
60.17174136337417,body,1,117,5,0
62.10431578045245,object,1,75,3,0
64.03662149560114,body,1,27,6,0
65.78030090243556,face,1,2,2,0
67.42406483969535,face,1,29,7,0
68.96759455437132,object,1,47,7,0
70.64477298228303,object,1,108,11,0
72.35503279842669,body,1,164,12,0
74.10973243451735,body,1,51,9,0
75.89790456183255,face,1,53,1,0
77.89688585698605,object,0,7,6,0
79.75152306281962,object,1,82,12,0
81.28410409948265,object,1,59,27,0
82.98346368702187,body,1,161,6,0
84.80479040300997,face,1,15,1,0
86.77035070769489,object,1,75,1,0
88.6807816651999,body,1,32,9,0
90.5131009103643,object,1,166,5,0
92.13465488766087,face,1,80,1,0
93.90049020320293,body,1,167,13,0
95.57746632969065,object,1,106,13,0
97.55432256564382,object,1,83,82,0
99.25359495263547,body,1,166,5,0
101.19847160829522,object,1,59,27,0
103.02964864522801,object,1,106,13,0
104.80656284133147,face,1,11,4,0
106.66117674698762,object,1,116,7,0
108.33791817180463,face,1,54,3,0
110.29273094894597,face,1,13,4,0
112.12550109729636,body,1,175,10,0
113.65797493314312,face,1,37,3,0
115.31264689895033,face,1,14,2,0
117.20062024411163,face,1,2,2,0
118.98862737005402,face,1,24,4,0
120.63222420615784,face,1,70,6,0
122.49815344334638,body,1,6,10,0
124.45279741931881,body,1,10,9,0
126.10743758488388,body,1,32,9,0
127.85117019199242,object,1,8,36,0
129.5836142679036,face,1,7,1,0
131.2383986345667,body,1,140,6,0
133.1596403200965,body,1,52,8,0
134.9921851667459,body,0,5,1,0
136.59148488374194,object,1,158,19,0
138.3129487305705,body,0,1,2,0
140.20093042650842,object,1,15,24,0
141.93336115159036,face,1,8,3,0
143.63254503792268,object,1,135,45,0
145.4094552341121,body,1,161,6,0
147.30869736104796,object,1,166,5,0
149.13013157784007,object,1,62,21,0
150.84027379308827,object,1,175,21,0
152.51726771971153,body,1,179,5,0
154.24977499598754,object,0,73,72,0
155.9935366033169,object,0,59,5,0
157.65931159915635,face,1,113,2,0
159.63616563509277,object,1,84,19,0
161.41313243159675,body,1,164,12,0
163.42337875801604,body,1,62,6,0
165.03390240583394,body,1,77,4,0
167.03275254939217,object,1,7,40,0
168.9095096145029,object,1,122,10,0
170.8976055815292,body,1,103,1,0
172.50784302728425,object,1,62,13,0
174.18487815422122,body,1,18,6,0
175.93963529076427,body,1,109,9,0
177.68329889747838,object,1,47,7,0
179.41585937415948,body,1,0,2,0
181.25932294953964,body,1,140,6,0
182.91411851617158,face,1,67,4,0
184.93557417330157,object,1,4,79,0
186.75695538970467,object,1,76,4,0
188.46723060583463,face,1,23,4,0
190.44396859029075,body,1,91,1,0
192.1320159464376,body,1,178,4,0
193.86455342294357,body,1,113,9,0
195.5859828695102,face,1,2,2,0
197.3406374053884,body,0,95,1,0
199.26209039229434,object,1,20,7,0
201.12781662792258,body,1,93,1,0
203.0271301555331,object,0,32,50,0
205.0483526110038,face,1,29,7,0
206.88066005596193,object,1,57,6,0
208.87974875204964,body,1,37,11,0
210.90104230806173,body,1,81,6,0
212.67794940422755,face,1,53,6,0
214.49923631979618,face,1,101,3,0
216.43175738574064,face,1,9,4,0
218.38794327275536,face,1,105,1,0
219.95239158897311,object,0,57,1,0
221.7958585642773,object,1,158,19,0
223.76167447079206,body,1,11,1,0
225.7828355258098,object,1,154,30,0
227.5489078938699,object,1,130,9,0
229.414758930463,object,1,60,9,0
231.19163242625655,face,1,72,3,0
233.00169181107776,body,0,117,5,0
234.78971723714494,object,1,24,9,0
236.6445049441245,face,1,8,1,0
238.6657156995061,object,1,51,33,0
240.3316672458459,object,1,58,10,0
242.16418469228665,object,1,116,7,0
243.830040888628,body,1,37,11,0
245.47357482425286,body,1,12,4,0
247.23955839165137,face,1,4,1,0
249.1275247874728,face,1,13,1,0
250.915570313824,face,1,9,2,0
252.90357048000442,object,1,53,6,0
254.7914879754535,body,0,133,3,0
256.4906834618596,object,1,124,14,0
258.2676320583414,object,1,84,19,0
260.1558146557072,face,1,8,4,0
261.85494704163284,body,1,141,3,0
263.7429318868817,body,1,81,6,0
265.57543053329573,face,1,83,2,0
267.4189764093171,body,1,169,7,0
269.4179663046525,face,1,53,1,0
271.1060807613103,face,1,5,2,0
272.94970393768745,body,0,9,3,0
274.8820416531962,face,1,94,1,0
276.6590752500924,object,1,73,11,0
278.4027556569199,body,1,52,8,0
280.201869412791,object,1,154,30,0
281.80100252875127,face,1,8,3,0
283.6559969370719,body,1,109,9,0
285.32155933140893,object,1,178,7,0
286.8988649900857,face,1,8,4,0
288.4648595665494,object,1,167,13,0
290.2082449711306,face,1,83,2,0
292.1073223970452,body,1,174,6,0
294.062006473323,body,1,13,11,0
295.69460858023376,face,1,4,2,0
297.51589589592186,object,1,37,27,0
299.4928660327423,face,1,10,3,0
301.16968155800714,body,1,4,13,0
302.96887901451555,body,1,22,5,0
304.77927740180166,face,1,8,1,0
306.32292886811774,object,1,143,43,0
308.2775061435823,face,1,112,1,0
310.0877206295845,face,1,2,2,0
311.6648519869341,face,1,64,1,0
313.26421075376857,body,1,15,2,0
314.9300376498868,face,1,19,3,0
316.59589284620597,body,1,133,3,0
318.5837911116105,face,1,8,4,0
320.4273968880734,object,1,136,5,0
322.19330465501116,body,1,66,8,0
324.12559087001137,body,1,128,4,0
325.8136743263167,object,1,93,4,0
327.712882053238,object,1,152,6,0
329.73408560844837,object,1,37,2,0
331.4557128565066,object,1,3,17,0
333.15483474235225,face,1,9,2,0
335.12060184839356,face,1,15,2,0
336.6975624046754,face,1,67,4,0
338.4410971596808,face,1,5,5,0
340.01821921707597,object,1,89,6,0
341.9950013523485,body,1,96,2,0
343.52766838966636,object,1,164,8,0
345.0823968857003,face,1,23,4,0
346.8039055328554,body,1,11,1,0
348.80292312840174,object,1,62,13,0
350.4242945044243,object,1,24,8,0
352.19019347117865,body,1,77,4,0
354.0448774773686,object,1,164,8,0
355.97737639387196,object,1,93,13,0
357.7654797205323,face,1,7,3,0
359.49784899599035,face,1,8,3,0
361.3526242027583,body,0,22,5,0
362.96297669867636,body,1,20,7,0
364.6287962948554,body,1,175,7,0
366.5833864704182,face,1,58,5,0
368.3050865189143,object,1,73,11,0
370.17089435506205,object,1,60,9,0
372.12529542941775,body,1,128,4,0
374.1354060549056,object,1,37,2,0
376.1569169124705,body,1,180,4,0
378.10024345689453,body,0,62,2,0
379.81061227375176,face,1,15,1,0
381.3431884103775,body,1,175,7,0
383.1646091270668,face,1,48,5,0
385.17481845320435,body,1,62,6,0
386.7739316180523,body,1,84,2,0
388.3620869049482,face,0,12,2,0
406.6203373883618,body,1,0,4,0
408.18610851385165,face,1,54,3,0
410.04093272110913,face,1,48,5,0
411.57334020572307,body,1,18,11,0
413.29480875245645,face,1,72,3,0
415.071780749,object,1,83,82,0
417.02660212632327,body,1,180,4,0
418.9921680310654,body,0,15,2,0
420.85805836794316,body,0,9,4,0
422.65725662445766,face,1,31,6,0
424.6452214903693,object,0,115,6,0
426.26659866643604,body,0,62,2,0
428.17682792263804,object,0,50,15,0
429.9759188784519,object,1,89,6,0
431.60847498501244,object,1,59,5,0
433.41879657159734,body,1,165,6,0
435.0956945468788,face,1,1,3,0
436.86160671373364,object,1,24,9,0
438.84954657944036,face,1,43,5,0
440.7153987160418,object,1,115,6,0
442.6255546716857,face,1,58,5,0
444.4468210872001,object,1,53,6,0
446.3794029043347,face,1,54,4,0
447.94516042982286,body,1,95,1,0
449.77779307725723,face,1,7,1,0
451.8101864631608,body,0,51,9,0
453.65375803926145,body,1,169,7,0
455.2418544256943,object,1,24,16,0
457.1075641612115,face,1,32,5,0
458.94002250731864,object,1,86,14,0
460.7060183240683,face,1,55,5,0
462.71613454961334,body,1,0,4,0
464.33753322585835,face,1,9,4,0
466.31456106288533,body,1,18,11,0
467.9470058687002,body,1,91,1,0
469.7127926347166,face,1,14,2,0
471.3898372617259,object,1,49,7,0
473.35550856703776,body,1,13,14,0
475.0325084935903,face,1,53,1,0
476.63178061049257,body,0,65,2,0
478.4531616268796,object,1,171,9,0
480.1967050326639,object,1,81,11,0
481.8181779093575,face,1,14,2,0
483.4841393064853,object,1,32,50,0
485.0613140134519,face,1,1,3,0
487.0713380382804,object,1,54,72,0
489.0702925334772,object,1,171,9,0
490.7251297003095,body,1,18,11,0
492.4688849077065,face,1,8,1,0
494.14587113427115,body,0,2,5,0
495.98950651084306,face,1,8,3,0
497.53304417630716,body,0,179,9,0
499.44344513370015,body,0,9,2,0
501.0869436690555,object,1,83,73,0
503.0415560447873,face,1,55,5,0
504.9295905412582,face,1,12,4,0
506.48451013863087,object,1,130,9,0
508.5057285940711,face,1,14,2,0
510.17162453998753,object,1,34,7,0
512.0595585356787,object,1,129,2,0
513.6923355436884,face,1,54,1,0
515.269273399681,body,1,9,3,0
516.8464129572094,face,1,14,2,0
518.4010932529927,body,1,113,9,0
520.4002968498389,object,0,16,14,0
522.3771464858728,object,1,14,80,0
524.1762466416403,body,1,12,11,0
525.8975471873273,body,1,20,7,0
527.696721443659,body,1,141,3,0
529.4292704202526,face,1,10,3,0
531.0617991267209,face,1,12,2,0
533.0830216314789,face,1,5,5,0
534.9267740088253,body,1,132,3,0
536.8034735736146,body,1,153,9,0
538.5138940908655,object,1,27,23,0
540.457359636348,body,1,175,10,0
542.0787464125024,object,1,4,79,0
544.0669386800146,body,1,18,6,0
545.932533614774,body,1,178,4,0
547.8094693812454,object,1,75,3,0
549.5086567675899,body,1,5,5,0
551.5188233934023,body,1,13,14,0
553.2402011395607,body,1,32,9,0
555.0172372365923,face,1,4,1,0
556.7165780241048,body,0,96,2,0
558.4044291280443,body,0,1,2,0
560.2258099444443,object,1,83,73,0
562.2026579803351,face,1,4,3,0
563.7354668184998,object,1,7,6,0
565.6456524744717,object,1,178,7,0
567.6445733691653,object,1,62,21,0
569.5659882560285,face,1,12,4,0
571.3429642524861,object,0,7,40,0
573.0198345781682,body,1,12,4,0
574.7856372444076,face,1,101,3,0
576.6959393010475,object,1,15,24,0
578.6837855661724,face,1,73,4,0
580.5162829125766,body,1,32,9,0
582.4710154384957,face,1,37,8,0
584.0813821851334,body,1,84,2,0
586.047305292348,object,1,104,48,0
587.9352187878976,body,1,167,13,0
589.6232108436379,object,1,51,33,0
591.4001463399036,face,1,73,4,0
593.2103055253538,face,1,114,2,0
595.0651160325069,body,1,72,28,0
596.9975317483768,object,1,16,14,0
598.6522919148556,body,1,2,5,0
600.673656871295,face,0,85,1,0
602.3616115268669,face,1,80,1,0
604.3273659329279,object,1,108,8,0
606.05997565914,body,0,9,2,0
607.7036881961249,face,1,85,1,0
609.5695142325276,face,1,9,6,0
611.45730262711,object,1,20,7,0
613.3676555840211,face,1,94,1,0
615.3444213194016,body,1,66,8,0
617.0880690259946,body,1,166,5,0
618.842791662275,object,1,175,21,0
620.7418697880785,body,1,10,9,0
622.54108604473,face,1,0,6,0
624.0847589112091,object,1,136,5,0
626.039363187112,body,0,9,2,0
627.6164362440177,body,1,140,9,0
629.459981119915,body,1,54,5,0
631.470383496795,body,1,6,10,0
633.2471280917234,face,1,64,1,0
634.9129107875051,face,1,32,5,0
636.5455721948529,face,1,114,2,0
638.4668599805154,face,1,10,3,0
640.3217057879374,face,1,43,5,0
642.0985850837751,face,1,54,1,0
644.0198048691382,face,1,11,4,0
645.9634095156798,object,0,57,1,0
647.4960026522022,object,1,27,23,0
649.3063596392894,body,1,103,1,0
650.9944028953032,body,1,4,13,0
652.7602305616165,object,1,49,7,0
654.7370944977447,object,0,10,43,0
656.6362225732155,object,0,167,13,0
658.2243560597126,object,1,177,9,0
660.0013833567937,face,1,5,2,0
661.9224958413397,body,1,165,6,0
663.6106366980821,face,1,112,1,0
665.3210574153345,face,1,24,4,0
666.8870735428063,body,1,93,1,0
668.7971214976133,face,1,15,2,0
670.5185177439271,object,1,129,2,0
672.2843442102312,body,1,72,28,0
673.8391246066603,face,1,26,4,0
675.4830244448531,face,1,9,6,0
677.4708612100076,object,1,75,4,0
679.3588732060743,face,1,8,3,0
681.1026716630877,object,0,135,45,0
682.9348773072707,face,1,13,4,0
684.5008587344637,face,1,14,2,0
686.3999387602817,body,0,179,9,0
688.3214533476712,object,1,37,27,0
690.3204478430416,face,1,54,4,0
692.0195520288689,face,1,93,1,0
693.8187072851724,face,1,10,3,0
695.7399927709193,body,1,132,3,0
697.2728203092265,face,1,8,3,0
698.8054391461774,object,1,75,4,0
700.5823374421598,face,1,53,1,0
702.3036451877852,face,1,31,6,0
703.9028289533017,face,1,14,3,0
705.7798064200906,object,1,152,6,0
707.5122544959158,object,1,76,4,0
709.2114780826523,face,1,37,3,0
711.2327325382503,object,1,14,80,0
713.0874411446275,face,1,2,2,0
714.7756445018604,object,1,93,13,0
716.7968414572533,object,1,124,14,0
718.7958079523087,face,1,19,3,0
720.8061362794542,face,1,13,1,0
722.5941735056258,face,1,26,4,0
724.2266868118604,object,1,54,72,0
725.8369754580053,face,1,7,3,0
727.8582357137784,body,1,174,6,0
729.7464775608678,body,1,153,9,0
731.3123108868167,object,1,104,48,0
733.0559958938102,body,1,22,11,0
734.9328618596337,face,1,70,6,0
736.6873527942662,object,1,82,12,0
738.6643380310852,face,1,37,8,0
740.5637186591921,body,1,140,9,0
742.3403771534649,object,1,24,8,0
744.1396306103998,face,1,2,2,0
745.8054155063146,object,1,58,10,0
747.6823955730069,body,1,179,5,0
749.5703749690438,object,1,86,14,0
751.391784885549,face,1,4,3,0
753.413011590339,object,1,108,8,0
755.0567531273118,body,1,5,1,0
756.833685223668,face,1,53,6,0
758.5439180394897,body,0,65,2,0
760.1097336655366,body,1,13,11,0
761.6648181640485,object,1,75,1,0
763.4084485705098,face,1,111,2,0
765.0407763754338,body,1,18,11,0
766.8289897029463,face,1,105,1,0
768.5502322481916,face,1,113,2,0
770.3271847444703,face,1,4,2,0
772.0930425110273,body,1,9,4,0
773.9144600275758,face,1,8,1,0
775.902375393227,object,1,24,16,0
777.8015782692528,object,1,57,6,0
779.7451389153575,body,1,0,2,1
1137.2661368028348,object,1,164,8,1
1138.798684439127,object,1,62,21,1
1140.4979578261264,body,1,2,5,1
1142.041628592604,face,1,8,1,1
1143.7852058480348,face,1,14,2,1
1145.37332903457,body,1,6,10,1
1147.272489060997,body,1,11,1,1
1148.9606021175423,object,1,115,6,1
1150.904124963461,body,1,91,1,1
1152.7921658599807,face,1,83,2,1
1154.8023309857817,body,1,62,2,1
1156.8234649405786,face,1,31,6,1
1158.7670045866253,body,1,18,11,1
1160.7328004930023,object,1,93,13,1
1162.6097092591517,face,1,70,6,1
1164.2089211755956,face,1,14,2,1
1165.919317992666,body,1,141,2,1
1167.5964979205892,face,1,24,4,1
1169.5508276435576,face,1,72,3,1
1171.3388534696423,body,1,93,1,1
1173.1492346567975,face,1,5,5,1
1174.9260650523793,body,1,18,6,1
1176.7807838587178,object,1,175,21,1
1178.5466778255359,object,0,59,5,1
1180.4013528315409,body,0,22,5,1
1182.0894713882444,object,0,15,24,1
1183.7886979748873,body,0,9,2,1
1185.5655507706397,body,1,20,7,1
1187.4981200876791,body,1,140,9,1
1189.3858574818878,object,1,62,13,1
1191.3962031089322,object,1,104,48,1
1193.0064555042045,body,1,175,7,1
1194.5947873923287,body,1,5,1,1
1196.1383822582138,face,1,2,2,1
1197.8487630751624,body,1,27,6,1
1199.5700198205159,face,1,12,2,1
1201.3691378764343,face,1,55,5,1
1202.9352243043104,object,1,34,7,1
1204.556582880352,object,1,82,12,1
1206.4002134569018,body,1,5,5,1
1208.4214488124708,body,0,62,2,1
1210.1428327586764,object,1,62,21,1
1211.8753564350773,face,1,7,3,1
1213.5301494018058,object,1,177,9,1
1215.1630300106044,body,1,22,11,1
1217.017528615499,face,1,2,2,1
1218.9165419900964,body,1,10,9,1
1220.771168295847,object,1,59,27,1
1222.4037819028308,object,1,108,11,1
1224.1807113990653,body,1,77,4,1
1226.013331346272,face,1,31,6,1
1227.62349289158,object,1,108,11,1
1229.5227205186384,object,1,167,13,1
1231.4217414440063,object,1,53,6,1
1233.3432733315276,face,1,54,3,1
1235.1978242368205,object,1,16,14,1
1237.1968942327658,face,1,64,1,1
1239.218274189203,object,1,34,7,1
1241.1839029943076,body,1,72,28,1
1242.849693039534,face,1,112,1,1
1244.6045253766497,body,1,128,4,1
1246.5924334422307,object,1,171,9,1
1248.3804421681853,face,1,32,5,1
1249.9796691847441,body,1,175,10,1
1251.5790926025657,object,1,135,45,1
1253.3781186580018,body,0,9,2,1
1255.1550503543695,body,0,1,2,1
1256.7321013111068,object,0,59,5,1
1258.6088797763805,body,0,15,2,1
1260.486035644295,object,1,89,6,1
1262.3738748392643,body,0,0,2,1
1263.9177614072687,body,0,133,3,1
1265.6834185722837,face,1,9,4,1
1267.2717155095306,object,1,24,8,1
1268.8488253666,face,1,80,1,1
1270.4922728016973,face,1,1,3,1
1272.0803976882307,body,1,66,8,1
1273.6241626554256,body,0,179,5,1
1275.3012157823832,body,1,13,14,1
1277.144700057921,object,1,27,23,1
1278.732975845618,face,1,53,6,1
1280.3877370121045,object,1,54,72,1
1282.0867850975046,body,1,165,6,1
1283.7860469844163,object,1,104,48,1
1285.7406546601123,face,1,112,1,1
1287.4510896774736,face,1,13,4,1
1289.1834885529242,object,1,3,17,1
1290.9605152992735,body,1,62,6,1
1292.515341895938,face,1,10,3,1
1294.2367736425076,object,1,60,9,1
1296.235684337371,face,1,15,2,1
1297.90166033461,face,1,4,1,1
1299.900716830336,face,1,67,4,1
1301.8221968175785,body,1,113,6,1
1303.8210922121943,object,1,152,6,1
1305.4759008790425,object,1,84,19,1
1307.1862888960313,object,1,164,8,1
1308.852153892556,face,1,37,3,1
1310.562388008504,body,1,54,5,1
1312.228356505686,body,1,153,9,1
1313.8831229720963,body,1,178,4,1
1315.7933271772636,body,1,22,5,1
1317.470229803308,face,1,58,5,1
1319.1695280905114,object,1,7,40,1
1320.8130970262864,object,1,49,7,1
1322.8342971815873,body,1,9,4,1
1324.5557793285552,body,1,10,9,1
1326.1553074472904,face,1,43,5,1
1327.9764154615987,object,1,166,5,1
1329.8422262978856,face,1,54,3,1
1331.4414394143387,object,1,83,82,1
1333.2849983904453,body,1,0,4,1
1334.9177625983575,body,1,18,6,1
1336.7057875245519,object,1,4,79,1
1338.2604474201653,body,1,167,13,1
1339.915251036262,body,1,166,5,1
1341.6255978528352,body,1,113,9,1
1343.4026220497763,body,1,51,9,1
1345.3238610352855,object,1,177,9,1
1347.0008561618015,body,1,37,11,1
1348.6555788279948,object,1,116,7,1
1350.6768682839756,face,1,8,3,1
1352.6427649910038,body,1,113,9,1
1354.2418986068515,face,1,53,1,1
1356.0078126737062,face,1,19,3,1
1358.0179273992399,body,1,132,3,1
1359.9501933140855,object,1,76,4,1
1361.7940621923335,object,1,4,79,1
1363.8152241966163,body,1,9,3,1
1365.5586782018509,face,1,67,4,1
1367.5688516277005,face,1,64,1,1
1369.356862053668,face,1,4,2,1
1371.2893798704317,face,1,37,3,1
1373.0663140666875,body,1,12,11,1
1374.80988087265,object,1,57,1,1
1376.5536607801332,object,1,59,27,1
1378.430464745601,face,1,43,5,1
1380.3518836323638,body,1,161,6,1
1381.9289015889663,face,1,13,1,1
1383.5059138455254,object,1,73,72,1
1385.105153762066,body,1,96,2,1
1386.7598274280026,object,1,75,1,1
1388.4257126738376,object,1,24,16,1
1390.1583753511804,object,1,154,30,1
1391.7575287671789,object,1,51,33,1
1393.3567636839143,object,1,130,9,1
1394.9117935821268,object,1,58,10,1
1396.6440696567588,object,1,135,45,1
1398.3987439927878,body,1,32,9,1
1400.38671155872,object,1,57,6,1
1402.2858797852095,object,1,167,13,1
1404.1849978113169,body,1,1,2,1
1405.984145667564,face,1,55,5,1
1407.639174535856,body,1,84,2,1
1409.249321481053,face,1,8,4,1
1411.1817159968778,object,0,143,43,1
1412.9474770119705,face,1,7,1,1
1414.8357510099158,body,1,81,6,1
1416.568113685309,object,1,3,17,1
1418.478405241869,body,1,32,9,1
1420.1219270774163,face,1,70,6,1
1421.7213377952576,object,1,73,11,1
1423.2648596607032,body,0,9,2,1
1425.1752583180787,object,1,108,8,1
1427.096591404188,object,1,166,5,1
1428.9068344902917,body,1,37,11,1
1430.7947934860567,face,1,8,4,1
1432.582760611811,object,1,15,24,1
1434.1597941685322,face,1,26,4,1
1436.0033217444143,body,1,167,13,1
1437.8802889601648,body,0,141,2,1
1439.868235326052,object,1,154,30,1
1441.7006587720098,object,1,37,2,1
1443.3886958280782,object,0,83,82,1
1445.1325199357816,face,1,8,3,1
1447.13157063158,object,0,24,16,1
1449.1084001674462,face,1,8,1,1
1450.929846884217,body,1,161,6,1
1452.4623334200442,object,1,84,19,1
1454.3061743981816,face,1,8,3,1
1456.1161631824652,object,1,49,7,1
1458.026371138505,face,1,19,3,1
1459.9698003837111,face,1,12,4,1
1461.580188380016,object,1,53,6,1
1463.3682395062933,face,1,72,3,1
1464.967586323648,face,1,54,4,1
1466.9887408787326,body,0,180,4,1
1468.954708786172,object,1,57,6,1
1470.631626512215,body,1,4,13,1
1472.4086118087434,face,1,9,2,1
1474.0968190661224,object,1,47,7,1
1476.1066536895232,face,1,85,1,1
1478.0280795763392,face,0,11,4,1
1479.9606235933024,body,1,27,6,1
1481.7485641187232,face,1,114,2,1
1483.691974163914,face,1,10,3,1
1485.3246880715596,object,0,14,80,1
1487.0127962773404,body,1,174,6,1
1488.6675774440955,object,0,27,23,1
1490.522278850185,body,1,140,6,1
1492.4989433849114,face,1,8,4,1
1494.4093981426995,object,1,178,7,1
1496.3195847984607,body,1,13,14,1
1498.0965210948489,face,1,15,1,1
1499.7734682209993,face,1,14,2,1
1501.7280815967388,object,1,24,9,1
1503.3606547034287,body,1,93,1,1
1505.3707280286471,face,1,93,1,1
1507.2699354554352,face,1,73,4,1
1509.235701061465,object,1,73,72,1
1511.2568193655316,body,0,117,5,1
1529.3484288988839,object,1,60,9,1
1531.2474322242342,body,1,113,6,1
1533.202113600375,body,1,2,5,1
1535.2234458059684,body,1,84,2,1
1537.1891309115017,object,1,106,13,1
1538.7550532382447,body,1,164,12,1
1540.7652524643054,object,1,143,43,1
1542.6644091907074,face,1,54,1,1
1544.6191214671999,body,1,165,6,1
1546.5514313822641,face,1,2,2,1
1548.172923359205,body,1,164,12,1
1549.783207605331,face,1,14,3,1
1551.3491753324197,body,1,65,2,1
1552.8817375688232,face,1,93,1,1
1554.6031784154766,object,1,158,19,1
1556.4578359214502,object,1,136,5,1
1558.3902820375515,face,1,14,3,1
1559.9784366735985,body,1,12,4,1
1561.699845820127,object,1,8,36,1
1563.332465027168,body,1,72,28,1
1565.3314837226062,object,1,86,14,1
1567.1528743390663,body,1,12,11,1
1569.1297425751109,body,1,81,6,1
1571.073390821999,object,1,76,4,1
1572.7280212874757,body,1,18,11,1
1574.616161484635,body,1,179,9,1
1576.5152994107775,object,1,58,10,1
1578.3698822161969,face,1,54,1,1
1580.202284561994,face,1,10,3,1
1582.1570725389465,object,1,75,3,1
1584.0337291526957,object,1,81,11,1
1585.8885660599335,object,1,178,7,1
1587.5655189862446,face,1,12,4,1
1589.1981046928995,face,1,14,2,1
1591.0860412885086,face,1,101,3,1
1592.6963923352596,face,1,23,4,1
1594.4399999415327,body,0,51,9,1
1596.4169472780632,face,1,5,2,1
1598.4048012432468,body,1,13,11,1
1600.0374263503327,face,1,15,1,1
1601.8588337669207,body,0,52,8,1
1603.6467786923895,body,1,153,9,1
1605.6571020193805,body,1,109,9,1
1607.4116691544768,object,0,75,1,1
1608.944289340725,object,1,62,13,1
1610.4992388383253,body,1,20,7,1
1612.4983260344015,body,0,174,6,1
1614.4750467694394,object,0,57,1,1
1616.4519415056857,object,1,8,36,1
1618.1511216919753,body,1,18,11,1
1619.9835429378,face,1,5,5,1
1621.527295404885,body,1,179,5,1
1623.3931816416298,object,1,152,6,1
1625.192346398122,object,1,129,2,1
1626.8582740948914,object,1,32,50,1
1628.5241296912136,object,1,175,21,1
1630.4234446188202,object,1,158,19,1
1632.4558011044428,body,1,13,11,1
1634.0324912080687,object,1,10,43,1
1635.6650981150015,face,1,73,4,1
1637.3865074612986,body,1,169,7,1
1639.352265267371,body,1,18,11,1
1640.9625670136302,object,1,10,43,1
1642.9616197094438,face,1,1,3,1
1644.8052716861566,face,1,53,1,1
1646.3712235131243,object,1,82,12,1
1648.314874759919,face,1,13,4,1
1649.8806635856454,body,1,11,1,1
1651.6576048819552,body,1,0,2,1
1653.2680404292332,face,1,9,2,1
1655.011512834477,object,1,171,9,1
1656.9105762095714,face,1,4,3,1
1658.6876867070532,face,1,14,2,1
1660.653413312888,face,1,54,4,1
1662.541408208941,object,0,86,14,1
1664.4293446045485,body,1,95,1,1
1666.3507670913386,object,1,7,6,1
1668.2831982073258,body,1,65,2,1
1670.226626752643,object,1,16,14,1
1671.914810309725,object,1,130,9,1
1673.7140032663156,object,1,37,27,1
1675.6577256136516,face,1,53,1,1
1677.4676724976016,object,1,83,73,1
1679.0114976652549,body,1,15,2,1
1681.0216867911076,face,1,37,8,1
1682.8428797554661,body,1,9,3,1
1684.6198886522907,object,0,108,8,1
1686.441275368721,face,0,8,1,1
1688.1959472044982,body,0,103,1,1
1690.039524380758,body,1,6,10,1
1691.7720034569356,object,1,32,50,1
1693.3269479546143,body,1,178,4,1
1695.1038432505738,object,1,24,8,1
1697.0139862059877,face,1,53,1,1
1698.868798813157,object,1,81,11,1
1700.501261619007,object,1,75,4,1
1702.167242016294,object,1,73,11,1
1703.7998094228242,object,1,37,27,1
1705.7544556482026,face,0,23,4,1
1707.731360184407,object,0,7,40,1
1709.7414295097115,face,1,29,7,1
1711.5739396560966,face,1,113,2,1
1713.317458761696,object,1,83,73,1
1715.083300128128,body,1,62,6,1
1716.9270561056182,face,1,83,2,1
1718.5484124815266,face,1,15,2,1
1720.3143897488771,object,1,89,6,1
1721.8912720044464,body,1,5,1,1
1723.7793622012105,face,1,10,3,1
1725.3231073682546,face,1,111,2,1
1727.0111108239507,object,1,124,14,1
1728.8434754694608,face,1,4,3,1
1730.5873466776393,face,1,12,2,1
1732.4750863211375,face,1,8,4,1
1734.252066517627,body,1,52,8,1
1735.784721354852,face,1,8,3,1
1737.3729175419285,body,1,12,4,1
1739.360984308616,face,1,14,2,1
1741.3154197831172,body,1,96,2,1
1743.2373066732107,face,1,101,3,1
1745.0803085453226,face,1,9,6,1
1747.0683077114809,object,1,93,4,1
1748.7230873779918,body,1,140,9,1
1750.3890163750038,body,1,175,10,1
1752.1105174219847,body,1,109,9,1
1754.009609447894,body,1,140,6,1
1755.719859613353,face,1,114,2,1
1757.307905299298,object,1,129,2,1
1758.8739191267377,object,1,50,15,1
1760.872933022154,face,1,8,3,1
1762.5278699898627,body,1,133,3,1
1764.1491706654633,object,1,122,10,1
1765.8483629517286,body,1,95,1,1
1767.536575109145,body,1,128,4,1
1769.4910957842949,body,1,77,4,1
1771.4237452018133,face,1,9,4,1
1772.9562164377567,body,1,141,3,1
1774.5332269941864,face,1,5,2,1
1776.3656338400178,object,0,106,13,1
1778.00941147728,object,1,75,3,1
1779.8084477820667,face,1,4,1,1
1781.4188464290637,body,0,179,9,1
1783.1404430767725,face,1,53,6,1
1785.0172242420667,body,1,4,13,1
1787.0383454968978,body,1,66,8,1
1788.7931280335179,body,1,32,9,1
1790.5145110797166,object,1,20,7,1
1792.4802754858392,face,1,2,2,1
1794.401593571849,body,1,169,7,1
1795.9565523696365,body,1,103,1,1
1797.6892070470203,object,1,47,7,1
1799.243837342423,body,1,54,5,1
1800.7985710384964,face,1,85,1,1
1802.3997740691848,face,1,2,2,1
1803.9639718327671,body,1,180,4,1
1805.8183991371188,object,1,93,4,1
1807.7399629249994,object,1,93,13,1
1809.6389625502052,body,1,132,3,1
1811.4491194356524,face,1,7,3,1
1813.2593971221213,face,1,111,2,1
1814.9031488593027,body,1,0,4,1
1816.6135125761211,object,1,20,7,1
1818.179358702284,face,0,11,4,1
1820.0006690181326,face,1,26,4,1
1821.8664947544166,object,0,122,10,1
1823.5434847810102,face,0,105,1,1
1825.1537689272518,object,1,136,5,1
1827.0309611954435,body,0,22,11,1
1828.7410147594055,body,1,32,9,1
1830.3292070464522,body,1,5,5,1
1832.0396036635211,face,1,24,4,1
1833.694310529594,object,0,54,72,1
1835.5712251959048,body,0,117,5,1
1837.3482322925993,body,0,141,3,1
1839.1806563384453,body,0,9,4,1
1840.9465181050327,face,1,48,5,1
1842.7677904204756,face,0,58,5,1
1844.5447436169925,face,1,113,2,1
1846.4788303447713,face,1,2,2,1
1848.1986672800122,object,1,7,6,1
1850.186616545805,object,0,50,15,1
1852.1856857417442,face,1,48,5,1
1854.1514034967986,face,1,94,1,1
1855.71719692256,object,1,124,14,1
1857.5164632796077,object,1,14,80,1
1859.3378614961257,face,1,0,6,1
1860.91487705271,body,1,166,5,1
1862.8917121885024,object,1,115,6,1
1864.546446854787,face,1,4,2,1
1866.356758541413,object,1,75,4,1
1867.9893048477825,body,1,91,1,1
1869.8661220134672,face,1,105,1,1
1871.6652886698575,face,1,13,1,1
1873.297843776294,face,1,29,7,1
1875.141465452878,body,1,9,2,1
1876.918393498374,object,1,116,7,1
1878.5177220155892,face,1,32,5,1
1880.527777440555,object,1,51,33,1
1882.4712791864295,face,1,9,6,1
1884.3592790825205,face,1,37,8,1
1886.3474706500274,face,1,80,1,1
1888.0355949067743,face,1,8,1,1
1889.5901646017155,face,1,0,6,1
1891.2339832393918,body,0,175,7,1
1893.1218941348052,face,1,94,1,1
1894.7544691415096,face,1,7,1,1
1896.2871020784369,face,1,8,3,1
1897.975140734532,object,0,37,2,1
1899.696543180995,object,1,24,9,2
2212.860590438562,body,1,4,13,2
2214.526359334239,face,1,23,4,2
2216.136782630696,face,1,26,4,2
2217.913705826868,face,1,14,2,2
2219.446344363969,object,1,73,72,2
2221.2898369394534,face,1,64,1,2
2223.289070036524,object,1,81,11,2
2225.13261781256,body,1,32,9,2
2227.120481377686,face,1,83,2,2
2228.8974565742537,object,1,62,13,2
2230.430010210708,object,1,158,19,2
2232.0961294089357,object,1,83,73,2
2233.9062856944947,face,1,14,2,2
2235.9274046491773,body,1,180,4,2
2237.582302116585,object,1,124,14,2
2239.3149284431565,face,1,15,1,2
2241.202827138477,object,1,62,21,2
2243.024086653939,body,1,77,4,2
2244.689954450354,face,1,73,4,2
2246.6114682377374,face,1,9,2,2
2248.49935643308,body,1,22,5,2
2250.431734448779,body,1,4,13,2
2252.186564885764,face,1,0,6,2
2253.8079942622426,body,1,140,6,2
2255.418284008396,body,1,9,2,2
2256.984184034867,face,1,8,3,2
2258.9612523724354,face,1,114,2,2
2260.5270388981444,body,1,141,2,2
2262.103984354195,object,1,37,27,2
2263.94783988173,object,1,34,7,2
2265.8689609662397,face,1,113,2,2
2267.4572191539046,face,1,53,6,2
2269.3339116185234,object,1,15,24,2
2270.8778489869146,body,1,117,5,2
2272.5550443148386,body,1,12,4,2
2274.342832639333,face,1,55,5,2
2275.897520135055,body,1,96,2,2
2277.6635141025326,face,1,10,3,2
2279.3626823887316,face,1,111,2,2
2280.984127165313,body,1,37,11,2
2282.594532512361,object,1,58,10,2
2284.6046436378674,face,1,4,3,2
2286.5481888838403,object,1,53,6,2
2288.2807129096327,face,1,32,5,2
2290.201955695069,object,1,129,2,2
2292.1787140302768,object,1,89,6,2
2293.900242777585,face,1,4,2,2
2295.61068139509,object,1,106,13,2
2297.365310230656,body,1,22,11,2
2299.2533802272665,body,1,51,9,2
2300.852540643318,object,1,37,27,2
2302.7739719300735,object,1,51,33,2
2304.78399775493,object,1,135,45,2
2306.7052968407806,face,1,13,1,2
2308.6376113559963,object,1,175,21,2
2310.359184403642,object,1,8,36,2
2312.0473535607307,face,1,93,1,2
2313.5909569759533,face,1,1,3,2
2315.278996332054,object,1,166,5,2
2317.089539920329,object,1,135,45,2
2318.7774596755044,face,1,55,5,2
2320.5876166610688,object,1,83,82,2
2322.3757095876645,face,1,8,1,2
2323.941598514153,face,1,67,4,2
2325.751991501398,body,1,91,1,2
2327.6398417964665,body,0,65,2,2
2329.59463597335,object,1,115,6,2
2331.3937138291803,face,1,70,6,2
2333.1042174469476,face,1,48,5,2
2334.969768981362,face,1,85,1,2
2336.5801925285487,face,1,11,4,2
2338.3904650642653,body,1,9,2,2
2340.3341503113043,face,1,83,2,2
2342.0110839374684,object,1,178,7,2
2344.010114033008,face,1,2,2,2
2345.7202653484273,object,1,73,72,2
2347.253049086401,object,1,154,30,2
2349.2742336416995,face,1,37,8,2
2350.9734264280996,body,1,84,2,2
2352.9391787340137,face,1,11,4,2
2354.9271160998323,body,1,113,6,2
2356.8483460851567,object,1,130,9,2
2358.814185091862,body,1,20,7,2
2360.5133509780426,object,1,57,6,2
2362.301409353764,face,1,32,5,2
2364.1117263404303,object,1,130,9,2
2366.0887592776126,object,1,164,8,2
2367.743184741659,face,1,93,1,2
2369.542395098266,body,1,167,13,2
2371.46385358533,object,1,178,7,2
2373.3075156622363,body,1,128,4,2
2374.873302587832,body,1,54,5,2
2376.8501144235634,object,1,10,43,2
2378.804662298804,body,1,1,2,2
2380.403942815654,object,1,116,7,2
2382.3142313723074,body,1,133,3,2
2383.846984310163,object,1,136,5,2
2385.412875036549,object,1,93,13,2
2387.200798811362,body,1,95,1,2
2389.13328782779,object,1,108,8,2
2391.1546285840595,face,1,53,6,2
2393.1535963792267,face,1,24,4,2
2394.930574275815,body,1,0,4,2
2396.8964157824084,face,1,14,3,2
2398.917553937368,object,1,24,9,2
2400.5723503040062,face,1,43,5,2
2402.3716012610384,face,1,37,8,2
2404.1596614873706,object,1,27,23,2
2405.969745172377,object,1,37,2,2
2407.88009492938,body,1,9,4,2
2409.4682511161664,body,1,164,12,2
2411.1231326328416,body,1,113,9,2
2412.77768919777,body,1,1,2,2
2414.6324263043643,face,1,13,1,2
2416.1760858706257,object,1,115,6,2
2417.8198958082503,body,1,37,11,2
2419.7633919539658,face,1,5,2,2
2421.6735778099537,body,1,0,2,2
2423.4172637167067,body,1,95,1,2
2425.0940805419814,body,1,175,10,2
2426.771147069041,body,1,13,14,2
2428.592560185687,object,1,104,48,2
2430.436106761699,object,1,154,30,2
2432.14636967775,body,1,141,3,2
2434.167762134399,face,1,10,3,2
2436.1334125889407,object,1,24,8,2
2437.9658778351004,object,1,164,8,2
2439.8428066015185,body,1,141,3,2
2441.83064666648,object,1,24,8,2
2443.4410311133543,body,1,113,6,2
2445.384582959625,body,1,5,5,2
2447.0171418662067,face,1,14,2,2
2448.638672543326,object,1,84,19,2
2450.271199349547,object,1,32,50,2
2452.1480654154875,face,1,72,3,2
2453.691733881933,object,1,7,40,2
2455.257810209747,body,1,9,2,2
2457.0901343548176,face,1,70,6,2
2458.745121322907,body,1,180,4,2
2460.5775204179663,face,1,14,3,2
2462.3101354949467,face,1,114,2,2
2464.164751600736,object,1,4,79,2
2465.9972460471035,body,1,10,9,2
2467.5408786132903,object,1,47,7,2
2469.4176741785777,body,1,12,11,2
2471.1281343962473,face,1,9,6,2
2472.760684202629,object,1,75,1,2
2474.6375037682155,object,1,7,40,2
2476.3034004649817,object,1,86,14,2
2477.8359483012755,object,1,108,11,2
2479.424245289003,object,1,24,16,2
2481.2122793152666,object,1,47,7,2
2482.7557908805175,body,1,11,1,2
2484.6217642673146,face,1,10,3,2
2486.57652554418,face,1,19,3,2
2488.3311304796807,face,1,112,1,2
2490.2301718053204,object,1,16,14,2
2492.251456361162,face,1,12,2,2
2494.0172667272273,object,1,143,43,2
2495.5942917840002,face,1,15,2,2
2497.426740029914,object,1,124,14,2
2499.1260088169947,object,1,62,21,2
2501.0250410424633,face,1,53,1,2
2502.6909809394274,object,1,82,12,2
2504.5789476352656,face,1,4,2,2
2506.422534611469,body,1,65,2,2
2508.099694688528,body,1,62,6,2
2510.1208644435974,body,1,140,9,2
2512.0423411308,object,1,136,5,2
2513.874637975794,face,1,58,5,2
2515.684845261625,object,1,49,7,2
2517.372949118202,object,1,75,4,2
2519.2166334951617,face,1,105,1,2
2520.8823744907277,face,1,4,1,2
2522.4150666281203,face,1,2,2,2
2524.136457074259,face,1,8,1,2
2525.7692050822807,object,1,57,6,2
2527.523749317319,face,1,29,7,2
2529.0674979842734,object,1,51,33,2
2531.0889381412853,body,0,133,3,2
2532.876745515212,body,1,13,11,2
2534.6649050421984,face,1,7,1,2
2536.3085810789053,body,1,0,4,2
2538.1520450542885,face,0,8,4,2
2539.773613131707,body,1,66,8,2
2541.6393527674372,object,1,20,7,2
2543.605297774833,body,1,161,6,2
2545.6153779001033,object,1,24,9,2
2547.6143599953793,face,1,7,3,2
2549.1914235522127,face,1,8,3,2
2551.190450047943,face,1,37,3,2
2552.978438173741,body,1,32,9,2
2554.966445540078,face,1,58,5,2
2556.8989782061253,face,1,7,1,2
2558.442609072168,face,1,14,2,2
2560.3861321180884,face,1,37,3,2
2562.1407855539583,face,1,23,4,2
2564.017720420423,object,1,152,6,2
2565.672721888506,face,1,101,3,2
2567.349453113129,body,1,2,5,2
2569.0375353696727,body,0,62,2,2
2570.9921577454807,body,0,77,4,2
2572.8691137119895,object,1,83,73,2
2574.8125731574255,body,1,18,11,2
2576.4562873943214,body,0,81,6,2
2578.444297960683,object,0,15,24,2
2580.2767891069234,object,1,171,9,2
2582.0204031625326,face,1,101,3,2
2583.6752445296297,face,0,73,4,2
2585.540886964751,face,1,15,2,2
2587.40671710117,face,0,54,1,2
2605.6093476832903,body,1,128,4,2
2607.4529417595477,body,1,5,1,2
2609.2854175057873,face,1,72,3,2
2611.051378873017,body,1,6,10,2
2613.0613652975735,body,1,93,1,2
2615.071557223564,face,1,105,1,2
2616.937252959091,face,1,8,3,2
2618.4699915968376,object,1,59,27,2
2620.335712832428,object,1,122,10,2
2622.2682006488467,face,1,0,6,2
2623.9895741950895,body,1,91,1,2
2625.9888690926455,body,1,54,5,2
2627.976627257085,face,1,113,2,2
2629.986705582225,face,1,53,1,2
2631.819213077979,body,1,9,3,2
2633.6405112938664,body,1,15,2,2
2635.495139299499,body,1,167,13,2
2637.494326496235,object,1,89,6,2
2639.504582422829,face,1,54,1,2
2641.3592384286894,object,1,53,6,2
2642.902819494484,body,1,175,7,2
2644.5688538921677,body,1,9,4,2
2646.589991647008,face,1,80,1,2
2648.2225978539354,body,1,18,11,2
2649.8107445406495,object,1,20,7,2
2651.3435253787175,object,1,129,2,2
2653.064797424071,object,1,93,13,2
2654.8972246192134,face,1,9,2,2
2656.474356376799,object,1,84,19,2
2658.0070286139235,face,1,12,4,2
2659.806028269042,object,0,83,82,2
2661.3610659674305,body,1,12,11,2
2663.326658272257,face,1,94,1,2
2665.2034888379276,object,1,7,6,2
2667.0915506343736,face,1,9,6,2
2668.879573660539,body,1,84,2,2
2670.689998448026,body,1,62,2,2
2672.4224169237423,body,1,169,7,2
2674.210391849425,body,1,5,5,2
2676.054016326045,object,1,62,13,2
2677.6198921523173,face,1,8,3,2
2679.374748638904,face,1,31,6,2
2681.0517647655797,face,1,80,1,2
2682.628675321481,body,1,81,6,2
2684.5168750188604,face,1,8,1,2
2686.3937577849283,body,1,13,14,2
2688.1927234399045,body,1,178,4,2
2689.9141520864505,body,1,175,10,2
2691.746590932409,object,1,59,27,2
2693.6790750488,face,1,2,2,2
2695.689122073818,body,1,52,8,2
2697.388582762127,object,1,3,17,2
2699.132046767423,face,1,94,1,2
2700.820105023551,body,1,52,8,2
2702.59704751987,face,1,8,4,2
2704.2963433563127,body,1,166,5,2
2705.939919092387,body,1,27,6,2
2707.8056821282953,body,1,66,8,2
2709.7269886142167,face,1,8,4,2
2711.3818256811646,face,1,26,4,2
2713.3476750879345,face,1,54,3,2
2714.957884933494,face,1,8,4,2
2716.9236987398763,object,1,14,80,2
2718.545255017205,body,0,174,6,2
2720.411218254638,body,1,109,9,2
2722.443248437892,object,1,104,48,2
2724.3202001044847,object,1,75,4,2
2726.2415293904487,body,0,96,2,2
2728.1740187562827,face,1,19,3,2
2729.806438661806,object,1,75,3,2
2731.405739478927,object,1,152,6,2
2732.960560175663,body,1,22,11,2
2734.5932996836054,object,1,158,19,2
2736.270293110123,body,1,18,6,2
2737.9026952154964,body,1,6,10,2
2739.5131030625635,object,1,57,1,2
2741.0567163285887,object,1,54,72,2
2742.8560721863178,object,1,3,17,2
2744.6440159118793,body,1,18,6,2
2746.5321381089016,object,1,76,4,2
2748.2644494838023,body,1,0,2,2
2750.0748419709125,object,1,175,21,2
2751.6519559282606,object,1,60,9,2
2753.606417652234,object,1,8,36,2
2755.539024169557,face,1,8,1,2
2757.471192183657,object,0,143,43,2
2759.4480344195035,object,1,24,16,2
2761.1807956977136,object,1,76,4,2
2763.101994282799,object,1,73,11,2
2764.6457506499137,object,1,54,72,2
2766.2006912475626,face,1,14,2,2
2767.8888387044863,body,1,20,7,2
2769.6879050599964,object,1,4,79,2
2771.709034014755,object,1,37,2,2
2773.441572991389,body,1,62,6,2
2775.207502658377,face,1,9,4,2
2776.740024394574,face,1,4,3,2
2778.4726653211546,object,1,93,4,2
2780.116118956168,face,1,10,3,2
2781.7043974438857,face,1,54,4,2
2783.392508400517,body,1,2,5,2
2785.3247722153465,object,1,7,6,2
2786.8574009522563,body,1,140,6,2
2788.712250059587,body,1,153,9,2
2790.4891599556577,object,1,58,10,2
2792.4547998609632,body,1,161,6,2
2794.4316535968974,object,1,27,23,2
2795.9976473240677,face,1,5,2,2
2797.8413402009755,body,0,32,9,2
2799.429350386752,face,1,31,6,2
2801.295122372132,body,1,179,5,2
2803.0942654283426,object,1,82,12,2
2804.7379502650147,body,1,15,2,2
2806.403851961688,face,1,85,1,2
2808.1585761979804,body,1,132,3,2
2810.080082485423,object,1,75,1,2
2811.956730949707,object,1,116,7,2
2813.7227043170133,body,1,22,5,2
2815.632945673191,body,0,32,9,2
2817.176552739169,face,1,53,1,2
2819.009114186061,face,1,15,1,2
2820.9081411115912,object,0,32,50,2
2822.596203667985,body,1,72,28,2
2824.195570885495,body,1,113,9,2
2826.1836377013387,object,1,10,43,2
2827.9271895072015,object,1,108,8,2
2829.6374874236208,face,1,13,4,2
2831.4254660494626,face,1,2,2,2
2833.1689635548973,object,1,75,3,2
2835.023650661111,object,1,167,13,2
2837.0116730274603,body,1,103,1,2
2838.666656995527,body,1,179,9,2
2840.354595850964,face,1,67,4,2
2841.9317325083684,body,1,51,9,2
2843.8306382329756,body,1,164,12,2
2845.5965804000443,face,1,54,4,2
2847.31786964566,object,1,93,4,2
2848.9172928635962,face,1,12,2,2
2850.9051848782256,face,1,4,1,2
2852.9042712742958,body,1,11,1,2
2854.8366302898503,face,1,5,5,2
2856.424808776792,body,1,109,9,2
2858.2682972524926,body,1,165,6,2
2859.8453492092376,face,1,5,5,2
2861.4225588671834,face,1,2,2,2
2863.0327643128257,body,1,9,2,2
2865.065232399298,face,1,43,5,2
2866.831147266159,body,1,132,3,2
2868.574590971184,body,1,166,5,2
2870.3294499085023,body,0,5,1,2
2872.039625224119,face,1,8,3,2
2873.772151000536,body,0,140,9,2
2875.3048385870497,face,1,14,2,2
2877.181761453423,body,1,18,11,2
2879.0363333587593,object,1,171,9,2
2880.7023321561865,object,1,50,15,2
2882.4237864029274,body,1,179,5,2
2884.1228114881524,object,1,177,9,2
2885.722129405287,face,1,54,3,2
2887.4434363510372,face,1,112,1,2
2889.1316030080925,body,1,178,4,2
2890.9086145048204,body,0,141,2,2
2892.4746258321393,face,1,13,4,2
2894.084992378892,body,1,27,6,2
2895.919014736195,object,1,108,11,2
2897.760853699918,face,1,12,4,2
2899.549037576595,face,1,9,4,2
2901.259222492052,object,0,59,5,2
2903.1585959199874,object,1,50,15,2
2904.968692905095,body,1,13,11,2
2906.5900974813703,object,1,177,9,2
2908.2448798479018,body,1,103,1,2
2910.199555524232,body,0,12,4,2
2911.887579680202,body,0,179,9,2
2913.897745806011,body,1,93,1,2
2915.841269551951,face,1,2,2,2
2917.7848512983182,object,1,16,14,2
2919.406440375882,object,1,60,9,2
2921.3165801314026,object,1,106,13,2
2923.0489988071204,object,1,81,11,2
2925.014675861865,object,1,49,7,2
2926.8916944288503,face,1,24,4,2
2928.857329933875,body,1,174,6,2
2930.6788099510304,body,1,10,9,2
2932.644535056854,object,1,59,5,2
2934.365970503466,body,0,9,3,2
2936.1763639907003,object,1,14,80,2
2937.8199966268585,body,1,153,9,2
2939.396841982263,body,1,117,5,2
2941.1294370592077,body,1,165,6,2
2942.8396131746995,face,1,53,1,2
2944.494539942447,face,1,64,1,2
2946.2269512181083,body,1,175,7,2
2948.1817142442596,face,1,7,3,2
2949.8698815012176,object,1,73,11,2
2951.768820326077,face,1,1,3,2
2953.779029352212,object,1,34,7,2
2955.455939578198,object,0,57,1,2
2957.4661942046805,face,0,111,2,2
2958.998768541176,face,1,8,3,2
2960.7647090083483,object,1,166,5,2
2962.70823165428,object,1,122,10,2
2964.4072678395896,body,1,18,11,2
2966.117700556919,body,1,72,28,2
2968.038969342553,body,1,169,7,2
2969.9714804591495,object,1,86,14,2
2971.803925805274,object,1,167,13,2
2973.5364259306516,face,1,48,5,2
2975.43575685838,face,1,29,7,3
3692.4764991978736,object,1,83,82,3
3694.464514864274,face,1,2,2,3
3696.0081796305894,body,1,9,3,3
3697.951565575582,object,1,124,14,3
3699.484224212836,object,1,89,6,3
3701.405701599928,face,1,112,1,3
3703.310785668553,body,1,15,2,3
3704.948402761933,body,1,180,4,3
3706.592088298712,face,1,11,4,3
3708.5969617853407,body,1,81,6,3
3710.256891890065,object,1,8,36,3
3712.167199096133,face,1,32,5,3
3713.94426299326,body,1,5,5,3
3715.776641538876,face,1,4,3,3
3717.520162444489,face,1,4,1,3
3719.1750203117117,body,1,10,9,3
3721.029624117291,body,1,18,11,3
3722.917606013245,body,1,169,7,3
3724.739182430887,body,0,179,5,3
3726.5714411755907,body,1,140,6,3
3728.4041029231303,body,1,113,6,3
3729.9700619501527,body,1,175,10,3
3731.869151676059,face,1,53,6,3
3733.7458510407305,face,1,85,1,3
3735.700460816559,body,1,72,28,3
3737.366641364526,object,1,122,10,3
3739.043396789333,object,1,4,79,3
3741.031409055591,face,1,8,1,3
3742.797174321444,face,1,8,3,3
3744.574113317736,object,1,166,5,3
3746.4843264738156,body,1,113,9,3
3748.32802735077,face,1,26,4,3
3750.2826015264436,face,1,54,3,3
3752.003881571858,face,1,53,1,3
3753.6586971387587,object,1,143,43,3
3755.6247308467136,body,1,54,5,3
3757.3902943111316,face,1,73,4,3
3759.3671374468686,face,1,4,2,3
3761.321776772209,body,1,10,9,3
3763.087672939044,body,1,65,2,3
3764.8535864059086,face,1,80,1,3
3766.8747729609895,body,1,12,4,3
3768.895940816161,face,1,105,1,3
3770.895050012303,face,1,19,3,3
3772.5722612404643,body,1,18,11,3
3774.3933338546194,object,1,75,1,3
3776.1260416323057,object,1,135,45,3
3777.82526841895,body,1,62,6,3
3779.413272504811,body,1,178,4,3
3781.1570789124817,face,1,8,4,3
3782.745241799319,face,1,101,3,3
3784.633227695289,object,1,7,40,3
3786.4543810592295,body,1,140,9,3
3788.0870863668097,face,1,113,2,3
3789.7195167725295,body,1,180,4,3
3791.341010349366,face,1,14,2,3
3793.2291026461608,object,1,108,8,3
3795.250347701687,face,1,4,3,3
3796.81626472839,face,1,8,3,3
3798.7375895144505,face,1,93,1,3
3800.54806510231,body,1,174,6,3
3802.4026255075587,object,1,57,6,3
3804.2682885428367,body,0,15,2,3
3805.8343416704593,body,1,5,5,3
3807.577938276663,object,1,73,11,3
3809.121663943428,object,1,75,3,3
3810.665459660013,body,1,84,2,3
3812.2646390763257,body,1,169,7,3
3813.841560732195,body,1,175,7,3
3815.5297763895214,object,1,124,14,3
3817.2955818556657,body,1,12,11,3
3818.9836185117456,body,1,37,11,3
3820.7049539576983,body,1,161,6,3
3822.5820174249093,object,1,50,15,3
3824.46982731967,object,0,86,14,3
3826.146876946601,face,1,8,3,3
3828.0904375928076,face,1,14,2,3
3829.7897844802646,face,1,2,2,3
3831.5665046751237,face,1,12,2,3
3833.4767011310614,face,1,10,3,3
3835.2981031967793,body,1,179,5,3
3837.241729243382,face,1,5,5,3
3838.9741368190007,face,1,29,7,3
3840.5846009664965,object,1,108,8,3
3842.5169089816627,face,1,105,1,3
3844.1272939285554,face,1,37,8,3
3845.9931999654364,object,1,82,12,3
3847.703369881012,object,1,3,17,3
3849.236052318214,body,1,0,4,3
3850.9684830941405,body,1,18,11,3
3852.8786680499907,object,1,104,48,3
3854.8000845367496,face,1,73,4,3
3856.5770483331144,body,1,32,9,3
3858.253945659002,object,1,86,14,3
3859.831339067503,body,1,164,12,3
3861.697010802847,body,1,167,13,3
3863.640438648159,face,1,31,6,3
3865.6395464442758,object,1,178,7,3
3867.6607467995927,object,1,15,24,3
3869.5709856558533,object,1,93,13,3
3871.4922712416155,body,1,66,8,3
3873.191415427631,face,1,9,4,3
3875.023991674636,body,1,62,2,3
3876.7452796201105,face,1,43,5,3
3878.5112420873484,object,1,164,8,3
3880.22146460331,object,1,89,6,3
3882.020712060199,body,1,133,3,3
3883.997614845677,body,1,113,9,3
3885.8299431910273,object,1,115,6,3
3887.840121016925,face,1,53,6,3
3889.805781322255,body,1,93,1,3
3891.4384881298465,face,1,4,1,3
3893.459592484418,body,1,95,1,3
3895.103359121713,face,1,10,3,3
3896.991408718168,object,1,73,72,3
3898.5905679342104,face,1,58,5,3
3900.6118670902797,object,1,75,1,3
3902.4888973573543,object,1,27,23,3
3904.432417103133,face,1,14,3,3
3906.3315382293804,body,1,51,9,3
3907.8640744148724,body,1,32,9,3
3909.4079003825173,face,1,83,2,3
3911.0403848885326,object,1,76,4,3
3912.6729476950277,face,1,24,4,3
3914.583252751807,object,1,24,16,3
3916.471192347424,face,1,14,2,3
3918.092652924126,face,0,64,1,3
3920.1137986790272,face,0,53,1,3
3921.9684946853085,object,1,84,19,3
3923.856479981274,object,1,7,40,3
3925.8444490472175,object,1,3,17,3
3927.6436155036063,object,1,47,7,3
3929.5109210504597,body,0,9,2,3
3931.1419934465375,face,1,14,2,3
3932.941119751893,object,1,129,2,3
3934.5071366792545,face,1,13,1,3
3936.1951147348736,body,0,9,2,3
3938.20557296279,body,0,32,9,3
3939.8933814172487,object,1,177,9,3
3941.703803804703,face,1,2,2,3
3943.5250226198696,face,1,12,2,3
3945.3687045967963,face,1,83,2,3
3947.145765794019,body,1,166,5,3
3949.000326899273,object,1,115,6,3
3950.5772782553686,object,1,175,21,3
3952.5652217212337,body,1,66,8,3
3954.39786466863,object,1,57,1,3
3956.2079465028946,body,1,37,11,3
3958.173681608794,body,1,91,1,3
3960.0284054151707,face,1,23,4,3
3962.038689441877,body,1,113,6,3
3963.6379484586796,face,1,53,1,3
3965.525793053588,object,1,24,8,3
3967.21388511009,object,1,14,80,3
3969.0797386466875,object,1,58,10,3
3970.9012126636662,face,1,8,4,3
3972.85588833988,face,1,9,4,3
3974.6215200047154,body,1,161,6,3
3976.2874101014168,body,1,20,7,3
3978.108753617533,face,1,1,3,3
3979.996741813404,body,1,132,3,3
3981.7849222899385,object,1,51,33,3
3983.6619477569766,object,1,24,9,3
3985.405452762483,face,1,4,2,3
3987.3822289979435,face,1,7,3,3
3989.0482655955275,body,1,141,2,3
3991.047127090016,object,1,175,21,3
3992.8906997661106,object,1,81,11,3
3994.7788397632685,body,0,178,4,3
3996.7890475892636,object,1,37,2,3
3998.588006344202,body,1,62,2,3
4000.2984274614428,face,1,0,6,3
4001.942117898274,face,1,8,1,3
4003.5857162342727,body,1,13,11,3
4005.118307220284,body,1,18,11,3
4006.7842878175725,face,1,11,4,3
4008.8055677733646,object,0,34,7,3
4010.5825849702524,body,1,65,2,3
4012.1705732558767,body,1,141,3,3
4013.7253411522106,object,1,10,43,3
4015.624610979474,body,1,5,1,3
4017.390296544705,body,1,95,1,3
4019.1005964610376,object,1,154,30,3
4020.766610658582,face,1,19,3,3
4022.5546334846294,body,1,0,4,3
4024.2538186710735,face,1,7,3,3
4026.2749927261902,face,1,12,4,3
4028.107508672736,face,1,7,1,3
4029.8400499985437,face,1,54,4,3
4031.53941968616,face,1,15,2,3
4033.427342581781,object,1,73,72,3
4035.2708059571596,body,1,9,4,3
4037.2920969130355,face,1,1,3,3
4038.880484801586,face,1,55,5,3
4040.4128501366067,face,1,7,1,3
4042.3785569422907,object,1,37,27,3
4043.9780036604207,face,1,2,2,3
4045.5439154869673,body,1,62,6,3
4047.5206255219236,object,1,58,10,3
4049.175286087644,body,1,96,2,3
4050.9191714959306,face,1,8,3,3
4052.7626413713588,object,1,93,4,3
4054.6616881462105,body,0,5,1,3
4056.438630542645,face,1,12,4,3
4058.1267750994157,object,1,49,7,3
4059.6594030363194,face,1,67,4,3
4061.3699509545404,object,0,106,13,3
4063.3576814188855,object,1,10,43,3
4065.312208393967,object,0,4,79,3
4067.166911300301,body,1,140,6,3
4069.1769323250046,face,0,8,1,3
4087.2576190791006,object,1,51,33,3
4088.8013073455804,object,1,83,73,3
4090.778092381108,face,1,14,2,3
4092.577280237543,body,1,27,6,3
4094.4764124638896,object,1,130,9,3
4096.230991299075,face,1,9,6,3
4098.230260296419,body,1,52,8,3
4099.86261340155,face,1,70,6,3
4101.6508157289645,face,1,54,4,3
4103.34993926411,object,1,75,4,3
4105.293432009799,face,0,29,7,3
4106.903795856648,body,1,165,6,3
4108.680798653426,face,1,94,1,3
4110.257812909884,object,1,53,6,3
4112.0236850765505,body,1,9,4,3
4113.678394242641,body,1,9,2,3
4115.621983289064,face,1,54,1,3
4117.343573736609,object,1,158,19,3
4119.075791011026,object,1,82,12,3
4120.941633347436,object,1,171,9,3
4122.729818674721,body,1,2,5,3
4124.43992028966,object,1,93,4,3
4126.1947775269655,object,1,108,11,3
4127.838372412341,object,1,167,13,3
4129.493322280032,object,1,136,5,3
4131.092499996332,body,1,18,6,3
4133.0249690126075,object,1,152,6,3
4134.679777179452,face,1,9,6,3
4136.245777106669,body,1,13,14,3
4137.922554931763,body,1,11,1,3
4139.755028377869,face,1,64,1,3
4141.531981674387,body,1,133,3,3
4143.0646314114565,object,1,57,6,3
4145.030315516866,object,1,60,9,3
4146.896182853685,face,1,5,5,3
4148.673166250199,face,1,37,8,3
4150.605496665536,face,1,80,1,3
4152.304749601666,body,1,91,1,3
4154.09283942834,face,1,32,5,3
4155.869649623652,object,1,37,2,3
4157.413522191549,body,1,6,10,3
4159.023748737338,body,1,9,3,3
4160.900703603838,face,1,13,4,3
4162.644330510157,object,1,84,19,3
4164.288035147081,object,0,54,72,3
4166.031657753367,face,1,112,1,3
4168.0196816198295,object,1,14,80,3
4169.7409549652075,face,1,114,2,3
4171.7067229713575,face,1,8,4,3
4173.628004957078,body,1,165,6,3
4175.216248244644,object,1,129,2,3
4176.981986059443,body,1,12,11,3
4178.6035190366965,body,1,72,28,3
4180.235975542382,face,1,72,3,3
4181.8019457695045,face,1,8,1,3
4183.423663648049,object,1,49,7,3
4185.022728663258,body,1,128,4,3
4186.899651029744,object,1,136,5,3
4188.432275966508,body,1,109,9,3
4190.209132462289,body,0,0,2,3
4192.108525590491,body,0,9,2,3
4194.018407944051,body,1,22,11,3
4195.995334780542,body,0,77,4,3
4198.016552235858,object,0,116,7,3
4199.926742091877,body,0,77,4,3
4201.737198928764,body,0,11,1,3
4203.46960290437,body,0,141,2,3
4205.046627761025,object,1,59,27,3
4206.6570922084065,body,1,109,9,3
4208.500504383512,object,0,164,8,3
4210.155288550057,face,0,24,4,3
4211.687883886712,face,1,93,1,3
4213.353863683995,body,1,117,5,3
4215.2085125899175,face,1,54,1,3
4217.085396155875,body,1,81,6,3
4218.917867002179,body,1,164,12,3
4220.894693637922,object,1,108,11,3
4222.427282474513,face,1,54,3,3
4224.093313672187,body,1,1,2,3
4225.87019071728,object,1,135,45,3
4227.735951053182,face,1,2,2,3
4229.768403639653,object,1,116,7,3
4231.589755155699,object,1,93,13,3
4233.333288161404,object,1,24,8,3
4234.999174157972,body,1,103,1,3
4236.6207327354205,body,1,13,14,3
4238.219903951438,face,1,113,2,3
4240.052481698338,body,0,22,5,3
4241.773873344733,body,1,13,11,3
4243.761647909298,object,1,104,48,3
4245.660858136107,object,1,37,27,3
4247.226693862205,body,1,1,2,3
4249.22587530817,face,1,94,1,3
4251.191716014757,object,1,73,11,3
4252.879688670466,object,1,75,3,3
4254.834427847163,face,1,53,1,3
4256.589114283168,body,1,117,5,3
4258.377156709481,object,1,24,9,3
4260.320658255252,body,1,141,3,3
4261.98646075117,object,1,60,9,3
4263.941457429712,object,1,62,21,3
4265.873656244046,face,1,85,1,3
4267.894894099634,body,1,32,9,3
4269.527436806093,body,1,128,4,3
4271.237721822428,body,1,179,9,3
4273.159136409042,body,1,51,9,3
4274.74710694392,body,1,2,5,3
4276.3685879206605,object,1,50,15,3
4278.278860077073,object,1,83,73,3
4279.866984263615,object,1,178,7,3
4281.4552788515575,body,1,22,11,3
4283.11003551801,face,1,0,6,3
4284.9091072735755,face,1,13,4,3
4286.708295130127,object,1,167,13,3
4288.651936076945,body,1,174,6,3
4290.206764073737,body,1,18,6,3
4291.772660600182,body,1,96,2,3
4293.727189275392,object,1,130,9,3
4295.58191978182,face,1,15,1,3
4297.547685287951,face,1,8,3,3
4299.4579008933215,body,1,52,8,3
4301.1347144186875,face,0,31,6,3
4302.922781845089,face,1,8,4,3
4304.577554711548,body,1,6,10,3
4306.521223558462,object,1,7,6,3
4308.498027494134,face,1,58,5,3
4310.441636840609,object,1,62,13,3
4312.218638337377,face,1,26,4,3
4313.895339961891,body,1,93,1,3
4315.594663349271,object,1,20,7,3
4317.5937357451185,object,1,59,5,3
4319.548351320991,body,1,12,4,3
4321.558549147041,object,1,75,4,3
4323.535450932628,body,1,22,5,3
4325.079093798879,face,1,55,5,3
4326.778431386367,body,1,153,9,3
4328.488531501294,face,1,48,5,3
4330.454437308377,body,1,179,9,3
4332.297990384453,object,1,59,27,3
4333.886180171481,object,1,20,7,3
4335.474165856969,object,1,16,14,3
4337.129105024695,face,1,2,2,3
4338.717120510526,object,1,7,6,3
4340.338638587666,face,1,43,5,3
4342.237717713477,object,1,62,21,3
4344.148145871077,object,1,16,14,3
4345.958314456715,face,1,72,3,3
4347.934944840235,face,1,15,2,3
4349.700873907335,object,1,57,1,3
4351.522242423627,object,1,83,82,3
4353.388044659718,body,1,140,9,3
4355.253916496469,body,1,27,6,3
4357.0197787629295,face,0,15,1,3
4358.818721817748,object,1,76,4,3
4360.71794814468,face,1,9,2,3
4362.483723210593,object,1,158,19,3
4364.427363857423,face,1,114,2,3
4366.115430213715,body,0,175,7,3
4367.84785728938,object,0,27,23,3
4369.391573556204,object,1,171,9,3
4371.157540123459,body,1,167,13,3
4372.823338568633,body,1,20,7,3
4374.844618624542,object,1,24,16,3
4376.632720951209,face,1,37,3,3
4378.4763075274095,object,1,47,7,3
4380.34197086269,face,0,111,2,3
4382.218847828597,face,1,14,3,3
4383.995851025378,face,1,67,4,3
4385.761799092506,object,1,15,24,3
4387.638550857693,body,1,132,3,3
4389.52670395482,body,1,84,2,3
4391.170439191876,face,1,101,3,3
4393.013803166497,face,1,8,3,3
4395.001726432209,face,1,37,3,3
4396.61242693066,body,1,4,13,3
4398.244689335101,object,1,166,5,3
4399.921694661694,object,1,143,43,3
4401.687546428191,body,1,166,5,3
4403.708963184923,face,1,5,2,3
4405.286014641897,object,1,122,10,3
4406.851717366968,face,1,10,3,3
4408.784204883501,object,1,81,11,3
4410.383453300106,body,1,103,1,3
4412.30498998765,face,1,13,1,3
4414.281695622572,face,0,9,2,3
4416.236229597707,object,1,34,7,3
4418.246568524832,face,1,48,5,3
4419.867884000545,object,1,32,50,3
4421.589289896088,body,1,153,9,3
4423.355183562919,body,1,4,13,3
4425.3430693282135,body,1,0,2,3
4427.153312114431,face,1,111,2,3
4429.096892760688,face,1,10,3,3
4430.884853986499,object,1,62,13,3
4432.606366133565,object,1,177,9,3
4434.316689850195,face,1,70,6,3
4435.882585976637,object,1,53,6,3
4437.626235683114,object,1,106,13,3
4439.391982748944,face,1,14,2,3
4441.080120505663,body,1,175,10,3
4442.612789742998,face,1,5,2,3
4444.489680409009,object,0,59,5,3
4446.466524094154,face,1,23,4,3
4448.298956940052,body,0,54,5,3
4450.175848806204,object,0,32,50,3
4451.88637172422,object,1,152,6,3
4453.496490869205,object,1,54,72,3
4455.451239545975,object,1,8,36,3
4457.139269101885,object,1,154,30,3
